Date,Temperature_2m,Relative_Humidity_2m,Precipitation
2019-01-01,28.19,77.46,0.11
2019-01-02,28.23,79.46,0.08
2019-01-03,28.16,80.19,0.08
2019-01-04,28.64,74.7,0.3
2019-01-05,28.21,69.64,0.07
2019-01-06,27.79,79.88,0.32
2019-01-07,27.48,77.11,1.32
2019-01-08,27.84,77.69,0.16
2019-01-09,27.56,77.74,0.26
2019-01-10,27.87,79.69,0.27
2019-01-11,27.83,79.6,0.15
2019-01-12,28.05,79.93,0.16
2019-01-13,28.07,83.15,0.1
2019-01-14,27.94,83.46,0.21
2019-01-15,28.18,82.36,0.15
2019-01-16,28.27,81.65,1.98
2019-01-17,27.53,84.98,2.09
2019-01-18,27.62,81.62,0.65
2019-01-19,27.91,81.81,1.34
2019-01-20,27.98,82.51,2.37
2019-01-21,28.48,78.67,0.4
2019-01-22,28.11,78.91,0.54
2019-01-23,28.06,80.51,0.25
2019-01-24,27.63,81.46,1.29
2019-01-25,28.12,77.95,0.41
2019-01-26,28.07,79.57,6.27
2019-01-27,27.46,81.26,1.23
2019-01-28,27.51,79.7,6.81
2019-01-29,28.06,80.82,1.39
2019-01-30,27.91,81.7,5.82
2019-01-31,27.72,82.34,2.3
2019-02-01,27.84,83.28,2.89
2019-02-02,27.52,86.59,20.5
2019-02-03,27.79,80.57,0.73
2019-02-04,27.99,83.29,1.22
2019-02-05,27.79,85.92,5.26
2019-02-06,28.43,80.32,2.04
2019-02-07,28.32,81.58,4.22
2019-02-08,28.25,80.45,3.11
2019-02-09,28.47,78.42,1.38
2019-02-10,28.7,79.93,0.14
2019-02-11,28.99,78.82,0.18
2019-02-12,28.55,81.29,0.03
2019-02-13,28.29,80.9,0.04
2019-02-14,28.31,80.34,0.12
2019-02-15,28.67,79.13,1.46
2019-02-16,28.38,81.38,1.0
2019-02-17,28.53,81.05,0.41
2019-02-18,28.38,81.08,1.78
2019-02-19,28.09,82.55,3.5
2019-02-20,27.84,81.47,1.03
2019-02-21,28.1,81.93,1.18
2019-02-22,28.42,83.69,1.34
2019-02-23,28.25,85.43,1.18
2019-02-24,28.65,81.29,1.55
2019-02-25,28.07,83.58,5.39
2019-02-26,28.37,79.13,6.93
2019-02-27,28.56,77.85,5.98
2019-02-28,27.78,81.77,6.6
2019-03-01,28.04,76.87,6.3
2019-03-02,27.22,80.39,3.89
2019-03-03,27.99,78.71,1.55
2019-03-04,27.9,82.83,3.32
2019-03-05,28.35,81.73,5.0
2019-03-06,28.22,85.86,12.94
2019-03-07,28.08,83.0,2.59
2019-03-08,28.06,82.53,5.08
2019-03-09,28.23,79.63,5.81
2019-03-10,27.94,82.39,5.37
2019-03-11,28.07,83.17,4.43
2019-03-12,28.49,83.94,3.58
2019-03-13,28.6,82.93,5.91
2019-03-14,28.42,82.52,4.6
2019-03-15,28.55,82.99,5.14
2019-03-16,28.49,82.29,4.74
2019-03-17,28.45,79.44,3.92
2019-03-18,28.37,81.26,3.19
2019-03-19,28.47,83.44,6.45
2019-03-20,28.17,84.85,6.7
2019-03-21,27.88,82.56,8.49
2019-03-22,28.12,78.56,2.89
2019-03-23,27.92,80.96,1.51
2019-03-24,27.94,82.63,3.17
2019-03-25,27.91,79.05,2.81
2019-03-26,28.31,78.82,0.08
2019-03-27,28.53,81.54,1.31
2019-03-28,28.49,84.31,2.54
2019-03-29,28.73,84.17,1.97
2019-03-30,28.45,84.18,5.12
2019-03-31,28.5,83.72,2.81
2019-04-01,28.91,79.23,3.84
2019-04-02,28.45,83.99,3.14
2019-04-03,28.82,82.58,5.1
2019-04-04,28.32,86.46,18.06
2019-04-05,28.29,85.62,10.96
2019-04-06,28.36,85.96,3.99
2019-04-07,28.25,86.69,5.35
2019-04-08,27.89,84.45,4.37
2019-04-09,28.03,84.68,3.96
2019-04-10,27.85,87.67,6.28
2019-04-11,27.18,87.89,10.23
2019-04-12,27.42,85.18,1.78
2019-04-13,27.29,86.98,9.06
2019-04-14,27.17,83.69,7.02
2019-04-15,27.54,81.15,1.13
2019-04-16,28.26,82.01,1.79
2019-04-17,28.22,83.58,0.99
2019-04-18,28.52,82.93,1.18
2019-04-19,28.26,85.41,1.71
2019-04-20,27.94,86.1,6.84
2019-04-21,28.27,82.35,1.2
2019-04-22,27.99,88.15,10.04
2019-04-23,27.29,86.75,18.23
2019-04-24,27.6,85.5,2.31
2019-04-25,27.91,86.33,4.85
2019-04-26,27.93,87.42,7.0
2019-04-27,28.17,85.95,1.03
2019-04-28,28.54,85.96,4.01
2019-04-29,28.19,88.67,12.29
2019-04-30,28.45,84.85,3.56
2019-05-01,28.19,85.42,3.36
2019-05-02,28.0,86.86,3.32
2019-05-03,27.79,86.88,11.73
2019-05-04,27.21,85.25,6.16
2019-05-05,28.0,82.12,1.11
2019-05-06,27.98,86.97,3.69
2019-05-07,28.03,87.71,13.86
2019-05-08,28.04,86.66,10.16
2019-05-09,28.12,86.13,10.32
2019-05-10,27.64,85.38,0.14
2019-05-11,27.64,87.13,6.21
2019-05-12,28.0,83.97,5.34
2019-05-13,27.8,82.57,6.33
2019-05-14,27.54,85.45,25.26
2019-05-15,27.52,77.28,18.55
2019-05-16,26.63,76.39,5.0
2019-05-17,27.31,78.89,0.71
2019-05-18,28.13,81.7,0.84
2019-05-19,28.11,83.35,2.19
2019-05-20,27.12,88.66,14.46
2019-05-21,27.16,84.99,6.67
2019-05-22,27.37,84.92,6.17
2019-05-23,27.6,85.57,6.72
2019-05-24,27.77,84.41,6.29
2019-05-25,27.11,86.2,5.43
2019-05-26,27.45,80.91,1.38
2019-05-27,27.08,87.07,5.24
2019-05-28,27.16,86.57,3.51
2019-05-29,27.38,85.84,11.95
2019-05-30,27.07,86.93,22.38
2019-05-31,26.54,91.68,14.84
2019-06-01,26.51,86.81,13.74
2019-06-02,26.96,83.56,1.3
2019-06-03,26.72,86.34,1.16
2019-06-04,26.85,87.62,6.62
2019-06-05,26.13,90.2,18.19
2019-06-06,26.27,89.45,3.03
2019-06-07,26.19,90.5,18.54
2019-06-08,26.04,89.71,5.61
2019-06-09,26.0,86.82,2.15
2019-06-10,25.78,84.98,4.1
2019-06-11,25.84,84.89,0.52
2019-06-12,25.9,85.66,0.59
2019-06-13,26.01,88.11,4.3
2019-06-14,25.62,92.05,9.62
2019-06-15,25.5,91.1,2.78
2019-06-16,25.73,90.26,0.63
2019-06-17,25.88,89.57,0.62
2019-06-18,26.2,88.9,0.3
2019-06-19,26.35,89.64,0.37
2019-06-20,26.02,90.36,6.04
2019-06-21,26.01,88.93,7.29
2019-06-22,25.85,89.79,14.32
2019-06-23,25.5,90.86,11.46
2019-06-24,25.23,90.75,12.64
2019-06-25,24.83,91.69,4.59
2019-06-26,24.94,91.97,1.5
2019-06-27,25.2,90.77,1.31
2019-06-28,25.1,90.82,1.89
2019-06-29,25.16,90.25,0.42
2019-06-30,25.5,89.43,0.6
2019-07-01,25.5,89.9,1.09
2019-07-02,26.0,89.39,1.26
2019-07-03,25.72,91.0,2.6
2019-07-04,25.55,91.49,2.86
2019-07-05,25.52,89.4,2.46
2019-07-06,25.72,88.29,2.73
2019-07-07,25.4,90.56,4.03
2019-07-08,24.95,90.28,6.17
2019-07-09,24.82,90.37,6.1
2019-07-10,24.88,89.92,1.97
2019-07-11,24.87,88.93,1.42
2019-07-12,24.58,91.93,5.86
2019-07-13,24.67,89.46,2.0
2019-07-14,24.73,87.76,0.19
2019-07-15,24.49,89.97,1.57
2019-07-16,24.55,92.06,4.86
2019-07-17,24.77,91.04,2.91
2019-07-18,24.94,90.34,3.97
2019-07-19,24.65,92.88,18.35
2019-07-20,24.64,92.93,8.44
2019-07-21,24.89,91.5,1.87
2019-07-22,24.97,90.7,1.42
2019-07-23,24.83,90.55,1.78
2019-07-24,24.77,89.24,1.32
2019-07-25,24.82,90.84,3.36
2019-07-26,24.86,91.93,24.83
2019-07-27,24.82,90.8,4.43
2019-07-28,24.71,89.65,1.49
2019-07-29,24.44,90.58,2.72
2019-07-30,24.18,92.42,1.86
2019-07-31,24.51,89.82,0.65
2019-08-01,24.33,89.79,0.53
2019-08-02,24.22,90.76,1.77
2019-08-03,24.12,90.69,0.48
2019-08-04,23.99,91.07,0.32
2019-08-05,24.02,91.34,0.52
2019-08-06,24.35,90.71,0.26
2019-08-07,24.36,90.71,0.86
2019-08-08,24.14,91.69,0.54
2019-08-09,24.0,92.36,0.59
2019-08-10,23.76,92.73,0.6
2019-08-11,24.01,89.2,0.25
2019-08-12,24.06,89.25,0.3
2019-08-13,24.13,90.65,0.67
2019-08-14,24.4,91.24,0.51
2019-08-15,24.46,90.77,0.45
2019-08-16,24.54,89.84,0.81
2019-08-17,24.7,89.14,0.64
2019-08-18,24.85,89.2,0.59
2019-08-19,24.77,90.05,1.01
2019-08-20,24.93,90.17,0.69
2019-08-21,24.87,88.98,0.42
2019-08-22,24.93,89.02,1.5
2019-08-23,24.43,90.64,1.24
2019-08-24,24.54,90.88,2.18
2019-08-25,24.45,91.84,2.32
2019-08-26,24.44,91.7,2.22
2019-08-27,24.72,90.14,1.35
2019-08-28,24.69,91.4,1.23
2019-08-29,25.03,89.73,1.6
2019-08-30,25.1,90.61,2.41
2019-08-31,25.03,90.59,5.18
2019-09-01,25.03,90.99,5.73
2019-09-02,24.98,90.96,5.1
2019-09-03,25.04,90.05,0.98
2019-09-04,25.09,90.65,7.31
2019-09-05,25.06,91.07,22.42
2019-09-06,24.94,91.32,2.68
2019-09-07,24.92,92.41,6.57
2019-09-08,24.95,91.98,5.23
2019-09-09,25.01,90.36,3.19
2019-09-10,24.89,91.31,6.63
2019-09-11,25.34,90.3,5.44
2019-09-12,25.04,91.78,10.68
2019-09-13,25.14,91.74,5.13
2019-09-14,25.28,91.17,3.57
2019-09-15,25.28,92.17,3.19
2019-09-16,25.32,91.04,1.71
2019-09-17,25.43,90.57,2.82
2019-09-18,25.48,90.23,6.92
2019-09-19,25.5,90.18,7.9
2019-09-20,25.56,90.54,4.98
2019-09-21,25.65,90.13,4.67
2019-09-22,25.41,91.88,4.25
2019-09-23,25.75,89.41,5.05
2019-09-24,25.79,90.01,0.77
2019-09-25,25.84,89.26,1.87
2019-09-26,25.6,90.49,2.46
2019-09-27,26.03,89.13,7.01
2019-09-28,25.65,91.3,4.67
2019-09-29,25.8,89.17,3.26
2019-09-30,25.75,90.69,3.56
2019-10-01,25.35,91.94,17.27
2019-10-02,25.46,90.57,9.88
2019-10-03,25.38,90.4,5.82
2019-10-04,25.71,90.43,9.49
2019-10-05,25.53,89.2,17.56
2019-10-06,25.54,89.75,2.26
2019-10-07,25.84,89.75,9.54
2019-10-08,25.61,88.94,9.22
2019-10-09,26.1,88.01,11.8
2019-10-10,26.19,88.14,4.04
2019-10-11,26.25,88.95,7.36
2019-10-12,25.73,91.53,17.28
2019-10-13,26.14,84.68,2.2
2019-10-14,26.15,88.79,2.9
2019-10-15,26.12,89.9,4.0
2019-10-16,26.16,89.41,4.82
2019-10-17,26.36,88.43,2.47
2019-10-18,26.38,90.11,12.3
2019-10-19,25.59,92.4,8.4
2019-10-20,25.85,90.77,11.83
2019-10-21,26.26,86.91,4.17
2019-10-22,26.39,85.4,1.74
2019-10-23,26.18,88.13,9.38
2019-10-24,26.31,86.93,12.97
2019-10-25,26.8,86.68,13.28
2019-10-26,25.92,91.2,17.69
2019-10-27,25.98,89.02,9.01
2019-10-28,26.19,88.67,9.57
2019-10-29,26.23,87.89,2.54
2019-10-30,26.34,87.23,7.94
2019-10-31,26.67,83.77,3.24
2019-11-01,26.7,84.0,2.12
2019-11-02,26.56,87.21,5.48
2019-11-03,26.5,85.31,5.29
2019-11-04,27.36,80.14,0.91
2019-11-05,27.13,84.83,2.27
2019-11-06,27.43,82.97,1.22
2019-11-07,27.5,83.07,0.98
2019-11-08,27.55,82.25,0.93
2019-11-09,27.94,79.24,1.89
2019-11-10,27.32,87.33,8.8
2019-11-11,27.34,84.17,3.27
2019-11-12,27.64,83.29,2.84
2019-11-13,27.66,82.95,4.57
2019-11-14,27.5,81.18,4.81
2019-11-15,27.39,84.95,2.82
2019-11-16,27.6,84.33,2.94
2019-11-17,27.55,86.3,1.91
2019-11-18,27.48,87.0,0.92
2019-11-19,28.05,82.25,2.55
2019-11-20,27.5,85.37,2.81
2019-11-21,27.19,85.01,1.75
2019-11-22,27.23,81.91,0.76
2019-11-23,27.9,79.7,0.98
2019-11-24,27.83,83.36,1.09
2019-11-25,27.99,82.82,0.9
2019-11-26,27.88,85.76,1.11
2019-11-27,27.72,86.57,2.0
2019-11-28,27.82,83.69,1.48
2019-11-29,27.85,82.89,0.94
2019-11-30,27.95,82.22,0.62
2019-12-01,27.84,85.15,1.23
2019-12-02,27.56,86.35,0.67
2019-12-03,28.08,83.46,0.51
2019-12-04,27.74,85.48,0.97
2019-12-05,27.6,84.81,1.76
2019-12-06,27.32,80.04,1.6
2019-12-07,27.54,80.84,4.91
2019-12-08,27.19,85.87,3.8
2019-12-09,27.72,82.85,1.35
2019-12-10,27.78,82.31,2.82
2019-12-11,27.36,83.85,3.1
2019-12-12,27.44,80.88,1.67
2019-12-13,27.67,79.43,1.44
2019-12-14,27.92,80.73,0.98
2019-12-15,27.72,81.19,1.3
2019-12-16,28.13,79.0,0.53
2019-12-17,28.24,80.23,0.66
2019-12-18,28.38,81.5,0.74
2019-12-19,28.45,80.42,1.02
2019-12-20,27.99,84.11,0.46
2019-12-21,28.19,80.51,0.28
2019-12-22,28.45,76.61,0.56
2019-12-23,28.53,73.32,0.43
2019-12-24,28.15,72.11,0.22
2019-12-25,27.89,66.84,0.31
2019-12-26,27.7,73.07,0.5
2019-12-27,28.21,75.39,0.23
2019-12-28,28.59,74.22,0.24
2019-12-29,28.65,70.91,0.18
2019-12-30,28.46,71.62,0.53
2019-12-31,28.16,73.21,0.42
2020-01-01,28.11,62.39,0.01
2020-01-02,27.43,56.87,0.0
2020-01-03,26.27,57.22,0.0
2020-01-04,26.56,57.47,0.0
2020-01-05,26.45,63.59,0.0
2020-01-06,27.8,63.23,0.0
2020-01-07,27.33,68.39,0.0
2020-01-08,27.39,73.41,0.04
2020-01-09,27.42,79.01,0.14
2020-01-10,27.92,83.39,0.25
2020-01-11,27.65,83.31,1.47
2020-01-12,28.02,77.54,1.02
2020-01-13,28.26,80.79,1.23
2020-01-14,28.42,82.18,1.1
2020-01-15,28.75,76.66,0.42
2020-01-16,28.47,70.21,0.13
2020-01-17,28.37,76.93,0.17
2020-01-18,28.42,77.66,0.34
2020-01-19,28.27,79.28,0.15
2020-01-20,28.23,78.46,0.08
2020-01-21,28.59,76.42,0.02
2020-01-22,28.61,78.42,0.06
2020-01-23,28.44,79.44,0.03
2020-01-24,28.61,77.59,0.04
2020-01-25,28.37,69.36,0.0
2020-01-26,27.88,68.08,0.0
2020-01-27,27.74,76.23,0.0
2020-01-28,27.99,75.35,0.04
2020-01-29,28.2,77.86,0.15
2020-01-30,28.35,81.58,0.3
2020-01-31,28.38,82.17,0.1
2020-02-01,28.24,81.82,0.07
2020-02-02,28.56,79.91,0.1
2020-02-03,28.16,78.67,0.06
2020-02-04,27.77,79.9,0.06
2020-02-05,28.29,78.61,0.09
2020-02-06,28.6,75.25,0.07
2020-02-07,28.63,75.4,0.07
2020-02-08,28.96,75.87,0.06
2020-02-09,28.55,82.44,0.1
2020-02-10,29.13,71.1,0.31
2020-02-11,29.15,68.78,0.0
2020-02-12,28.74,74.63,0.0
2020-02-13,28.93,73.42,0.01
2020-02-14,28.75,71.85,0.0
2020-02-15,29.23,71.05,0.01
2020-02-16,28.79,78.96,0.05
2020-02-17,28.75,82.0,0.14
2020-02-18,28.4,82.78,0.25
2020-02-19,28.71,79.66,0.26
2020-02-20,28.81,79.95,0.09
2020-02-21,29.19,79.2,0.22
2020-02-22,29.08,80.92,0.17
2020-02-23,29.56,78.91,0.24
2020-02-24,29.05,83.43,0.27
2020-02-25,29.11,81.22,0.66
2020-02-26,28.79,81.21,0.3
2020-02-27,29.22,78.86,0.29
2020-02-28,29.55,78.14,1.42
2020-02-29,29.65,78.43,0.24
2020-03-01,29.18,82.2,1.33
2020-03-02,28.86,82.48,5.3
2020-03-03,28.32,84.6,6.4
2020-03-04,28.45,82.41,5.79
2020-03-05,28.53,83.15,5.23
2020-03-06,28.37,83.38,6.83
2020-03-07,28.34,81.5,4.17
2020-03-08,28.88,78.7,0.82
2020-03-09,28.45,81.69,18.05
2020-03-10,28.53,81.36,4.44
2020-03-11,28.53,80.7,3.93
2020-03-12,28.72,83.56,4.13
2020-03-13,28.9,83.92,3.71
2020-03-14,28.36,82.62,2.4
2020-03-15,28.5,80.78,1.76
2020-03-16,28.34,82.96,1.06
2020-03-17,28.36,85.25,0.33
2020-03-18,28.71,81.19,0.59
2020-03-19,28.19,83.77,1.43
2020-03-20,27.66,78.82,0.27
2020-03-21,27.59,86.7,0.54
2020-03-22,27.56,87.51,2.27
2020-03-23,27.11,88.4,4.11
2020-03-24,26.46,86.35,9.74
2020-03-25,26.57,84.5,1.88
2020-03-26,27.21,84.22,0.86
2020-03-27,27.19,84.89,2.8
2020-03-28,26.79,89.05,1.8
2020-03-29,27.13,87.08,1.41
2020-03-30,27.13,85.75,1.82
2020-03-31,26.9,86.82,2.13
2020-04-01,26.59,89.84,9.83
2020-04-02,26.9,86.28,1.43
2020-04-03,27.15,87.48,3.09
2020-04-04,26.88,89.74,12.55
2020-04-05,28.02,78.92,1.02
2020-04-06,27.92,85.74,1.35
2020-04-07,27.93,85.42,1.22
2020-04-08,28.09,82.11,1.35
2020-04-09,27.99,82.53,2.01
2020-04-10,28.47,79.52,2.73
2020-04-11,27.99,83.62,9.95
2020-04-12,28.11,82.72,7.95
2020-04-13,28.2,83.99,4.81
2020-04-14,28.29,85.22,3.43
2020-04-15,28.66,82.66,3.05
2020-04-16,28.94,83.05,3.26
2020-04-17,28.4,83.65,2.92
2020-04-18,28.36,82.69,1.86
2020-04-19,27.52,86.98,6.45
2020-04-20,28.16,79.52,0.85
2020-04-21,28.04,79.46,1.79
2020-04-22,27.66,86.47,7.88
2020-04-23,27.4,86.94,4.83
2020-04-24,27.79,83.51,4.87
2020-04-25,27.42,84.36,6.48
2020-04-26,26.62,85.96,12.93
2020-04-27,26.94,83.76,1.19
2020-04-28,26.97,86.16,1.89
2020-04-29,27.56,82.31,2.35
2020-04-30,27.06,87.89,8.13
2020-05-01,27.66,82.62,2.38
2020-05-02,27.68,86.0,2.08
2020-05-03,27.69,87.84,6.8
2020-05-04,27.64,82.74,2.78
2020-05-05,28.42,78.84,0.57
2020-05-06,28.42,83.67,3.26
2020-05-07,28.44,85.21,5.25
2020-05-08,28.52,85.14,11.03
2020-05-09,28.17,85.24,7.52
2020-05-10,27.5,87.72,20.95
2020-05-11,26.74,87.67,12.7
2020-05-12,27.08,83.84,1.22
2020-05-13,27.76,82.5,1.76
2020-05-14,28.16,82.52,2.52
2020-05-15,28.19,85.04,4.36
2020-05-16,28.15,82.69,14.34
2020-05-17,27.79,86.41,18.02
2020-05-18,27.52,87.46,12.1
2020-05-19,27.23,83.3,9.37
2020-05-20,27.38,83.82,5.49
2020-05-21,27.58,86.52,5.89
2020-05-22,27.36,86.7,8.18
2020-05-23,27.46,85.24,3.81
2020-05-24,27.57,85.61,7.88
2020-05-25,26.71,89.0,8.33
2020-05-26,27.03,86.01,9.57
2020-05-27,27.41,84.61,23.61
2020-05-28,27.37,86.22,4.0
2020-05-29,27.1,87.08,7.24
2020-05-30,26.5,87.85,17.1
2020-05-31,26.84,84.79,19.77
2020-06-01,26.7,86.45,10.18
2020-06-02,26.43,86.52,16.38
2020-06-03,26.66,86.71,12.38
2020-06-04,26.67,91.03,62.41
2020-06-05,26.62,88.3,7.79
2020-06-06,26.7,88.54,7.31
2020-06-07,26.33,84.43,6.86
2020-06-08,26.4,86.89,2.28
2020-06-09,26.06,89.07,13.42
2020-06-10,26.27,87.86,7.24
2020-06-11,25.44,87.73,15.08
2020-06-12,26.44,86.04,4.04
2020-06-13,25.92,87.45,6.33
2020-06-14,26.05,88.96,10.31
2020-06-15,26.03,88.01,3.46
2020-06-16,26.42,87.53,1.79
2020-06-17,26.02,90.27,7.17
2020-06-18,25.86,88.87,7.46
2020-06-19,25.71,89.64,3.8
2020-06-20,25.78,88.32,1.69
2020-06-21,25.51,88.59,6.59
2020-06-22,25.73,86.98,1.64
2020-06-23,25.9,86.3,1.32
2020-06-24,26.14,86.54,1.29
2020-06-25,25.99,87.93,7.2
2020-06-26,25.64,89.04,5.09
2020-06-27,25.52,89.68,12.76
2020-06-28,25.44,89.23,11.23
2020-06-29,25.25,88.96,12.16
2020-06-30,25.19,85.18,1.88
2020-07-01,24.86,86.03,1.3
2020-07-02,25.19,86.99,2.22
2020-07-03,25.24,88.42,3.09
2020-07-04,24.62,91.75,7.46
2020-07-05,25.01,89.59,1.39
2020-07-06,25.14,89.44,0.56
2020-07-07,24.88,90.72,0.69
2020-07-08,24.79,90.45,0.99
2020-07-09,24.85,90.36,1.02
2020-07-10,24.51,91.78,2.94
2020-07-11,24.47,89.94,2.9
2020-07-12,24.44,88.2,2.9
2020-07-13,24.26,89.74,1.06
2020-07-14,24.31,88.05,0.55
2020-07-15,23.98,87.68,0.17
2020-07-16,24.14,89.02,0.06
2020-07-17,24.0,90.2,0.52
2020-07-18,23.91,92.25,0.54
2020-07-19,24.21,90.79,0.93
2020-07-20,24.28,91.75,1.67
2020-07-21,24.49,92.23,2.04
2020-07-22,24.38,92.37,2.29
2020-07-23,24.25,91.81,1.23
2020-07-24,24.18,90.37,0.32
2020-07-25,24.12,90.43,0.26
2020-07-26,23.9,89.73,1.92
2020-07-27,23.8,89.35,0.96
2020-07-28,23.93,87.85,0.42
2020-07-29,23.72,88.43,0.23
2020-07-30,23.93,87.08,0.09
2020-07-31,23.95,86.94,0.1
2020-08-01,24.16,86.77,0.05
2020-08-02,23.93,86.63,0.03
2020-08-03,23.64,85.56,0.0
2020-08-04,23.24,85.59,0.0
2020-08-05,22.89,86.75,0.01
2020-08-06,22.77,86.88,0.01
2020-08-07,22.69,88.9,0.01
2020-08-08,22.98,88.99,0.06
2020-08-09,23.13,87.59,0.0
2020-08-10,23.31,87.72,0.01
2020-08-11,23.35,88.83,0.01
2020-08-12,23.53,87.98,0.0
2020-08-13,23.89,86.59,0.0
2020-08-14,24.02,88.04,0.43
2020-08-15,24.11,91.03,2.89
2020-08-16,24.12,88.22,0.94
2020-08-17,24.03,88.35,0.26
2020-08-18,24.17,88.35,0.51
2020-08-19,24.03,89.51,0.3
2020-08-20,24.37,88.72,0.27
2020-08-21,23.99,89.72,2.37
2020-08-22,23.75,91.03,0.44
2020-08-23,24.03,87.95,0.13
2020-08-24,24.09,85.72,0.08
2020-08-25,23.84,88.38,0.07
2020-08-26,23.58,89.59,0.15
2020-08-27,24.2,86.92,0.37
2020-08-28,24.19,88.92,1.23
2020-08-29,24.33,88.34,0.12
2020-08-30,24.37,88.15,0.11
2020-08-31,24.54,87.55,0.35
2020-09-01,24.49,87.2,0.34
2020-09-02,24.84,86.61,0.29
2020-09-03,24.89,87.62,0.23
2020-09-04,24.88,87.14,0.19
2020-09-05,24.87,86.54,0.15
2020-09-06,25.28,83.16,0.1
2020-09-07,25.21,85.09,0.21
2020-09-08,25.04,87.3,1.07
2020-09-09,24.7,88.94,5.66
2020-09-10,24.82,90.0,12.71
2020-09-11,25.12,87.86,0.88
2020-09-12,24.4,91.79,2.26
2020-09-13,24.67,90.17,5.02
2020-09-14,24.98,88.92,3.98
2020-09-15,24.96,88.18,2.48
2020-09-16,24.89,87.57,7.54
2020-09-17,24.82,85.44,4.43
2020-09-18,24.96,83.27,0.28
2020-09-19,24.88,87.21,3.17
2020-09-20,24.5,90.23,2.99
2020-09-21,25.15,87.61,3.56
2020-09-22,25.12,88.39,7.03
2020-09-23,24.37,91.82,41.37
2020-09-24,24.89,89.42,2.0
2020-09-25,25.16,88.55,1.09
2020-09-26,25.13,89.58,2.56
2020-09-27,25.35,88.19,4.49
2020-09-28,25.44,87.61,1.32
2020-09-29,25.3,88.93,1.1
2020-09-30,25.32,88.08,3.35
2020-10-01,25.4,87.33,1.84
2020-10-02,25.8,84.42,0.6
2020-10-03,26.05,81.95,0.76
2020-10-04,25.96,83.62,1.63
2020-10-05,26.07,84.84,1.8
2020-10-06,25.79,88.75,5.8
2020-10-07,25.8,88.23,4.47
2020-10-08,26.1,87.08,3.68
2020-10-09,26.02,87.91,33.05
2020-10-10,25.42,90.68,9.52
2020-10-11,25.76,87.18,5.13
2020-10-12,25.72,87.5,2.78
2020-10-13,25.91,87.08,6.1
2020-10-14,26.04,86.82,6.14
2020-10-15,25.77,88.2,4.93
2020-10-16,25.88,88.04,8.0
2020-10-17,26.07,86.86,2.98
2020-10-18,26.05,87.06,3.72
2020-10-19,26.24,86.91,4.85
2020-10-20,26.21,87.97,5.16
2020-10-21,26.48,86.89,1.75
2020-10-22,26.56,88.31,3.13
2020-10-23,26.69,86.17,1.64
2020-10-24,26.71,85.91,2.69
2020-10-25,26.03,88.05,6.93
2020-10-26,25.94,88.64,1.74
2020-10-27,26.48,87.98,3.79
2020-10-28,26.42,88.29,21.01
2020-10-29,26.6,84.78,8.31
2020-10-30,26.96,82.04,16.88
2020-10-31,26.91,83.52,14.17
2020-11-01,26.75,87.02,14.78
2020-11-02,26.71,86.33,1.28
2020-11-03,26.97,85.19,1.23
2020-11-04,27.02,86.72,1.38
2020-11-05,27.11,85.27,2.19
2020-11-06,27.01,87.22,1.59
2020-11-07,26.9,87.99,4.61
2020-11-08,26.98,83.1,3.57
2020-11-09,26.56,85.23,5.79
2020-11-10,26.81,84.45,4.53
2020-11-11,26.92,82.79,1.73
2020-11-12,27.45,80.64,1.28
2020-11-13,27.42,84.39,1.92
2020-11-14,27.3,85.84,1.26
2020-11-15,27.26,83.76,1.26
2020-11-16,27.17,85.63,2.67
2020-11-17,26.75,87.26,1.67
2020-11-18,27.2,84.3,3.36
2020-11-19,27.22,83.39,0.56
2020-11-20,27.2,82.13,1.4
2020-11-21,27.29,81.46,2.96
2020-11-22,26.85,85.88,3.91
2020-11-23,27.36,83.41,1.85
2020-11-24,27.52,83.3,1.84
2020-11-25,27.26,87.08,7.61
2020-11-26,26.69,87.03,7.15
2020-11-27,26.88,86.31,2.41
2020-11-28,26.85,85.18,3.1
2020-11-29,27.25,81.63,2.82
2020-11-30,27.39,83.75,2.12
2020-12-01,27.3,84.65,6.06
2020-12-02,27.28,82.54,0.12
2020-12-03,27.43,82.79,0.08
2020-12-04,27.46,83.59,0.07
2020-12-05,27.4,84.08,0.05
2020-12-06,27.48,83.57,0.11
2020-12-07,27.08,84.67,5.53
2020-12-08,27.12,82.96,2.13
2020-12-09,27.14,85.24,2.02
2020-12-10,27.08,85.7,1.84
2020-12-11,27.2,84.65,2.42
2020-12-12,27.38,85.3,3.9
2020-12-13,27.19,85.36,3.03
2020-12-14,27.17,85.28,2.68
2020-12-15,27.2,85.06,3.96
2020-12-16,27.24,84.5,3.34
2020-12-17,27.01,85.71,1.82
2020-12-18,27.16,83.87,0.57
2020-12-19,27.12,84.04,0.84
2020-12-20,27.14,83.32,0.78
2020-12-21,27.39,82.08,1.3
2020-12-22,26.92,85.93,0.94
2020-12-23,27.23,85.13,0.52
2020-12-24,27.34,84.02,0.52
2020-12-25,27.58,82.73,0.7
2020-12-26,27.67,82.34,0.67
2020-12-27,27.83,81.96,0.07
2020-12-28,27.59,81.93,0.22
2020-12-29,27.84,78.77,0.0
2020-12-30,27.96,82.52,0.11
2020-12-31,28.17,81.67,0.14
2021-01-01,28.13,83.08,0.91
2021-01-02,27.58,87.49,1.72
2021-01-03,27.56,86.28,1.14
2021-01-04,27.5,84.74,2.83
2021-01-05,27.4,86.44,1.76
2021-01-06,26.85,84.76,3.48
2021-01-07,26.98,84.41,1.3
2021-01-08,26.93,87.33,3.64
2021-01-09,27.34,83.98,1.42
2021-01-10,27.24,85.1,1.35
2021-01-11,27.0,86.05,0.51
2021-01-12,27.15,83.72,0.97
2021-01-13,26.73,86.44,1.2
2021-01-14,26.86,84.12,0.84
2021-01-15,26.93,83.9,0.89
2021-01-16,26.71,86.0,1.8
2021-01-17,26.42,86.91,0.99
2021-01-18,26.79,84.56,0.73
2021-01-19,27.17,83.7,1.98
2021-01-20,27.31,82.33,0.57
2021-01-21,27.36,83.67,0.25
2021-01-22,27.21,83.34,0.24
2021-01-23,27.25,81.31,0.17
2021-01-24,27.17,82.72,0.0
2021-01-25,27.1,81.04,0.02
2021-01-26,27.5,81.8,2.67
2021-01-27,27.71,83.68,10.44
2021-01-28,27.45,84.21,14.65
2021-01-29,27.65,83.01,12.56
2021-01-30,27.47,85.39,7.85
2021-01-31,27.6,85.24,1.38
2021-02-01,27.32,87.48,1.38
2021-02-02,27.68,83.52,1.15
2021-02-03,27.88,82.99,1.47
2021-02-04,27.56,85.61,1.07
2021-02-05,27.64,85.61,1.85
2021-02-06,28.1,82.68,1.07
2021-02-07,27.99,84.02,1.07
2021-02-08,28.27,83.25,2.09
2021-02-09,28.32,81.96,1.69
2021-02-10,28.65,82.6,1.43
2021-02-11,28.06,86.78,3.27
2021-02-12,27.86,84.88,2.98
2021-02-13,28.31,84.2,2.24
2021-02-14,28.11,84.87,2.81
2021-02-15,27.65,86.15,2.96
2021-02-16,27.92,85.34,4.08
2021-02-17,27.13,81.55,8.23
2021-02-18,27.9,75.85,0.17
2021-02-19,27.7,80.26,0.72
2021-02-20,27.93,78.9,0.51
2021-02-21,27.72,82.55,0.59
2021-02-22,27.48,83.49,0.69
2021-02-23,27.84,81.03,0.44
2021-02-24,27.87,80.42,0.83
2021-02-25,27.73,80.65,2.91
2021-02-26,28.11,77.5,1.22
2021-02-27,27.48,83.51,2.07
2021-02-28,27.72,83.63,2.3
2021-03-01,27.54,84.79,1.09
2021-03-02,27.75,86.24,0.91
2021-03-03,28.21,85.37,1.31
2021-03-04,28.3,84.14,2.35
2021-03-05,28.01,85.83,1.85
2021-03-06,28.31,80.58,3.34
2021-03-07,28.17,83.69,5.48
2021-03-08,27.71,85.78,4.08
2021-03-09,27.25,84.08,5.29
2021-03-10,27.12,82.2,2.92
2021-03-11,27.73,79.84,2.28
2021-03-12,27.38,85.95,6.69
2021-03-13,27.16,84.05,6.62
2021-03-14,26.29,84.67,6.41
2021-03-15,26.96,81.58,5.03
2021-03-16,27.36,84.85,5.71
2021-03-17,26.8,85.24,10.91
2021-03-18,26.43,84.37,6.81
2021-03-19,26.76,82.84,1.53
2021-03-20,26.97,82.98,2.31
2021-03-21,27.22,83.22,2.17
2021-03-22,26.9,89.58,39.87
2021-03-23,26.27,87.31,16.32
2021-03-24,26.37,87.1,8.34
2021-03-25,26.8,83.94,2.14
2021-03-26,26.95,84.7,1.08
2021-03-27,27.42,85.55,2.13
2021-03-28,27.57,84.65,1.48
2021-03-29,27.43,86.96,0.82
2021-03-30,27.64,84.59,1.02
2021-03-31,27.35,85.55,2.86
2021-04-01,27.64,83.53,0.74
2021-04-02,27.66,86.39,0.84
2021-04-03,27.6,85.99,0.73
2021-04-04,27.84,85.16,0.71
2021-04-05,27.54,87.52,1.23
2021-04-06,27.85,85.83,2.92
2021-04-07,27.83,85.59,2.62
2021-04-08,27.86,86.66,1.73
2021-04-09,27.42,85.17,5.05
2021-04-10,27.85,84.83,1.53
2021-04-11,27.92,85.24,2.42
2021-04-12,27.91,83.27,1.94
2021-04-13,27.94,83.04,3.33
2021-04-14,27.89,79.67,6.1
2021-04-15,28.05,81.76,1.08
2021-04-16,28.0,85.52,10.68
2021-04-17,27.9,84.75,12.82
2021-04-18,26.89,86.12,13.31
2021-04-19,27.29,84.19,0.75
2021-04-20,28.06,83.73,1.1
2021-04-21,28.16,84.34,4.22
2021-04-22,27.9,85.36,3.81
2021-04-23,27.76,83.86,8.1
2021-04-24,27.72,85.12,8.7
2021-04-25,27.59,86.18,7.38
2021-04-26,27.8,86.01,2.93
2021-04-27,28.03,86.74,2.77
2021-04-28,27.69,86.53,3.25
2021-04-29,27.56,84.92,0.28
2021-04-30,27.77,84.9,1.25
2021-05-01,28.03,84.72,0.86
2021-05-02,27.94,85.88,3.11
2021-05-03,27.65,86.8,8.98
2021-05-04,26.82,86.28,2.89
2021-05-05,27.33,85.58,2.31
2021-05-06,27.32,85.89,6.86
2021-05-07,26.9,82.67,3.17
2021-05-08,26.27,85.52,1.83
2021-05-09,26.42,83.04,1.83
2021-05-10,27.03,83.75,0.44
2021-05-11,27.21,82.35,0.25
2021-05-12,27.28,81.76,0.53
2021-05-13,27.23,84.61,2.3
2021-05-14,27.24,86.15,3.6
2021-05-15,27.52,86.12,5.77
2021-05-16,27.47,86.94,1.53
2021-05-17,27.05,88.44,2.7
2021-05-18,26.68,87.96,4.66
2021-05-19,26.97,87.59,1.39
2021-05-20,27.35,87.06,2.78
2021-05-21,26.82,86.94,4.66
2021-05-22,26.53,88.29,3.37
2021-05-23,27.4,82.6,0.54
2021-05-24,27.73,83.24,1.54
2021-05-25,27.63,85.36,7.69
2021-05-26,27.66,86.23,1.32
2021-05-27,27.44,87.99,5.04
2021-05-28,27.71,84.76,4.55
2021-05-29,27.74,85.65,4.17
2021-05-30,27.68,87.53,6.63
2021-05-31,27.09,89.54,12.66
2021-06-01,27.0,84.63,3.2
2021-06-02,27.37,85.01,4.72
2021-06-03,27.63,82.88,4.14
2021-06-04,27.52,86.46,4.66
2021-06-05,27.14,84.18,10.02
2021-06-06,27.01,83.64,5.94
2021-06-07,27.09,84.14,6.07
2021-06-08,27.36,83.07,2.57
2021-06-09,27.46,82.77,3.87
2021-06-10,26.88,86.91,6.22
2021-06-11,27.21,84.15,2.75
2021-06-12,26.72,86.38,1.51
2021-06-13,27.49,81.63,0.18
2021-06-14,27.26,84.29,1.85
2021-06-15,27.22,85.81,5.78
2021-06-16,27.02,83.86,4.6
2021-06-17,27.14,82.27,0.89
2021-06-18,27.01,84.09,1.98
2021-06-19,26.73,85.1,2.91
2021-06-20,26.4,88.71,14.9
2021-06-21,25.63,89.11,9.11
2021-06-22,26.26,84.33,7.31
2021-06-23,25.67,88.55,11.18
2021-06-24,25.72,85.81,2.53
2021-06-25,26.19,82.86,10.42
2021-06-26,25.37,87.92,6.72
2021-06-27,25.83,83.98,4.41
2021-06-28,25.4,87.03,5.71
2021-06-29,25.83,84.93,7.54
2021-06-30,25.69,87.23,10.24
2021-07-01,25.58,88.51,7.06
2021-07-02,25.6,90.19,12.5
2021-07-03,25.61,90.16,19.01
2021-07-04,25.65,83.92,4.53
2021-07-05,25.03,87.39,5.18
2021-07-06,24.84,89.92,8.77
2021-07-07,25.27,89.81,3.22
2021-07-08,25.3,90.67,7.95
2021-07-09,25.21,88.86,4.18
2021-07-10,25.03,84.02,0.33
2021-07-11,24.84,85.18,0.2
2021-07-12,24.97,86.12,0.55
2021-07-13,25.14,87.53,0.86
2021-07-14,25.33,86.2,1.72
2021-07-15,25.32,86.02,4.85
2021-07-16,25.24,89.24,7.45
2021-07-17,24.92,87.35,3.54
2021-07-18,24.84,87.35,0.14
2021-07-19,24.79,87.93,0.94
2021-07-20,24.9,86.25,0.36
2021-07-21,24.81,85.85,0.28
2021-07-22,25.0,85.39,0.32
2021-07-23,24.85,85.7,0.13
2021-07-24,24.72,84.03,0.15
2021-07-25,24.69,81.44,0.01
2021-07-26,24.48,82.35,0.03
2021-07-27,24.59,85.99,0.04
2021-07-28,24.48,87.06,0.22
2021-07-29,24.51,87.65,0.19
2021-07-30,24.72,88.82,1.01
2021-07-31,25.0,88.52,1.24
2021-08-01,24.97,87.8,0.73
2021-08-02,24.88,88.06,0.88
2021-08-03,25.05,88.8,1.93
2021-08-04,25.01,90.02,1.6
2021-08-05,24.69,89.64,1.11
2021-08-06,24.94,87.99,0.52
2021-08-07,25.21,86.69,0.57
2021-08-08,24.46,91.71,1.17
2021-08-09,24.81,90.58,2.09
2021-08-10,24.63,89.49,0.77
2021-08-11,24.76,89.19,0.68
2021-08-12,24.6,90.19,1.66
2021-08-13,24.83,87.05,0.85
2021-08-14,24.91,84.2,0.34
2021-08-15,24.82,82.15,0.11
2021-08-16,25.09,84.02,0.12
2021-08-17,25.21,84.69,0.14
2021-08-18,25.05,83.75,0.27
2021-08-19,25.34,84.54,0.28
2021-08-20,25.07,88.24,2.42
2021-08-21,24.65,92.62,22.28
2021-08-22,25.11,89.44,2.05
2021-08-23,25.58,85.94,1.46
2021-08-24,25.36,89.52,6.8
2021-08-25,25.61,87.37,4.25
2021-08-26,25.77,85.01,0.29
2021-08-27,25.62,87.09,3.6
2021-08-28,25.87,86.64,3.1
2021-08-29,25.86,87.39,5.42
2021-08-30,25.31,89.58,53.89
2021-08-31,25.92,87.13,2.57
2021-09-01,25.85,90.24,6.04
2021-09-02,25.31,91.36,18.15
2021-09-03,25.3,88.96,3.47
2021-09-04,25.32,89.13,6.85
2021-09-05,25.09,90.77,7.94
2021-09-06,25.14,90.45,1.38
2021-09-07,25.24,90.02,0.78
2021-09-08,25.01,92.03,2.06
2021-09-09,25.1,92.02,2.86
2021-09-10,25.03,91.67,2.82
2021-09-11,24.96,92.65,7.96
2021-09-12,25.32,91.41,2.87
2021-09-13,25.39,90.52,7.39
2021-09-14,25.19,90.93,13.06
2021-09-15,24.88,90.05,6.37
2021-09-16,25.54,89.88,4.26
2021-09-17,25.74,90.21,6.64
2021-09-18,25.64,89.72,3.48
2021-09-19,25.67,89.54,4.03
2021-09-20,25.71,89.94,3.57
2021-09-21,25.64,90.22,4.18
2021-09-22,25.61,87.83,18.12
2021-09-23,25.89,89.02,3.6
2021-09-24,26.15,89.61,11.22
2021-09-25,25.57,89.67,15.66
2021-09-26,25.73,82.87,7.83
2021-09-27,26.19,85.29,7.7
2021-09-28,25.59,88.65,5.07
2021-09-29,26.06,86.97,6.73
2021-09-30,25.76,89.3,14.71
2021-10-01,25.61,89.15,27.98
2021-10-02,25.76,87.82,4.22
2021-10-03,26.27,87.86,4.09
2021-10-04,26.16,89.3,4.18
2021-10-05,26.5,87.97,5.35
2021-10-06,26.31,89.23,8.49
2021-10-07,26.03,87.2,7.0
2021-10-08,26.49,86.93,1.5
2021-10-09,26.4,89.39,4.89
2021-10-10,26.28,91.18,12.06
2021-10-11,26.46,87.34,5.46
2021-10-12,26.47,89.26,9.34
2021-10-13,26.63,87.71,5.01
2021-10-14,26.35,89.34,6.29
2021-10-15,26.52,86.87,0.98
2021-10-16,26.5,87.75,3.2
2021-10-17,26.46,89.09,6.05
2021-10-18,26.14,90.98,12.71
2021-10-19,26.26,90.23,17.47
2021-10-20,26.6,88.97,8.98
2021-10-21,26.31,90.59,25.53
2021-10-22,26.16,88.59,20.82
2021-10-23,25.49,90.29,6.48
2021-10-24,25.9,88.64,12.6
2021-10-25,27.02,86.39,6.24
2021-10-26,26.31,90.15,8.16
2021-10-27,26.4,86.59,1.71
2021-10-28,26.7,85.75,4.41
2021-10-29,26.81,83.02,1.45
2021-10-30,26.22,89.48,5.05
2021-10-31,26.56,86.5,4.36
2021-11-01,26.67,86.64,4.26
2021-11-02,26.28,88.46,10.31
2021-11-03,26.73,85.19,1.91
2021-11-04,26.72,86.24,8.96
2021-11-05,26.54,86.3,8.85
2021-11-06,26.74,84.92,3.05
2021-11-07,26.91,85.22,6.62
2021-11-08,26.38,88.54,6.7
2021-11-09,26.77,86.88,6.01
2021-11-10,26.52,88.04,4.76
2021-11-11,26.96,87.72,5.12
2021-11-12,27.04,86.84,1.06
2021-11-13,26.95,88.32,2.33
2021-11-14,27.05,87.05,2.69
2021-11-15,27.53,85.84,4.85
2021-11-16,27.18,86.64,3.47
2021-11-17,27.09,86.44,3.89
2021-11-18,27.06,85.76,3.75
2021-11-19,27.4,83.0,3.04
2021-11-20,27.56,82.52,1.55
2021-11-21,27.39,84.9,1.92
2021-11-22,27.14,86.35,1.74
2021-11-23,27.21,85.16,0.83
2021-11-24,27.08,84.91,0.63
2021-11-25,27.26,84.97,0.88
2021-11-26,26.93,88.38,1.93
2021-11-27,26.9,87.82,4.11
2021-11-28,27.12,85.42,2.05
2021-11-29,26.78,86.29,3.52
2021-11-30,26.87,83.57,0.82
2021-12-01,27.16,84.12,1.75
2021-12-02,27.31,85.91,0.41
2021-12-03,27.18,86.25,0.41
2021-12-04,27.54,85.16,0.38
2021-12-05,27.27,87.9,0.67
2021-12-06,27.39,88.62,0.98
2021-12-07,27.61,83.18,0.17
2021-12-08,27.7,83.84,0.33
2021-12-09,27.83,83.15,0.12
2021-12-10,27.87,82.71,0.06
2021-12-11,27.87,82.99,0.1
2021-12-12,27.62,86.88,1.73
2021-12-13,27.78,86.9,1.24
2021-12-14,27.56,84.97,0.71
2021-12-15,27.82,82.29,0.88
2021-12-16,27.7,84.3,1.96
2021-12-17,27.58,83.95,2.41
2021-12-18,27.7,81.18,0.79
2021-12-19,27.19,75.02,0.01
2021-12-20,27.35,68.35,0.0
2021-12-21,27.5,67.51,0.0
2021-12-22,27.59,67.07,0.0
2021-12-23,26.51,73.7,0.57
2021-12-24,27.0,83.6,0.04
2021-12-25,27.7,84.11,0.54
2021-12-26,27.99,82.78,0.33
2021-12-27,27.5,84.67,1.63
2021-12-28,27.2,85.66,2.37
2021-12-29,27.35,80.45,1.65
2021-12-30,27.8,79.47,0.35
2021-12-31,27.56,83.15,0.99
2022-01-01,27.37,84.09,6.93
2022-01-02,27.75,81.12,15.55
2022-01-03,27.52,79.25,3.67
2022-01-04,27.29,74.56,3.31
2022-01-05,27.77,78.81,2.62
2022-01-06,27.99,78.78,0.09
2022-01-07,27.67,83.57,0.1
2022-01-08,27.68,84.36,0.38
2022-01-09,27.47,86.22,0.51
2022-01-10,27.85,82.34,0.24
2022-01-11,27.83,81.4,0.23
2022-01-12,27.52,84.17,0.53
2022-01-13,27.17,87.56,0.79
2022-01-14,26.96,88.72,0.52
2022-01-15,26.88,86.17,0.27
2022-01-16,26.88,86.31,0.41
2022-01-17,26.92,81.94,0.16
2022-01-18,26.95,81.89,0.22
2022-01-19,27.07,78.96,0.16
2022-01-20,27.36,68.6,0.01
2022-01-21,26.7,64.18,0.0
2022-01-22,26.42,74.05,0.01
2022-01-23,26.67,79.46,0.07
2022-01-24,26.8,79.49,0.03
2022-01-25,26.82,70.26,0.07
2022-01-26,26.44,69.4,0.03
2022-01-27,27.04,82.77,0.07
2022-01-28,27.57,81.22,0.1
2022-01-29,28.04,78.97,0.06
2022-01-30,27.73,69.63,0.07
2022-01-31,27.06,65.31,0.0
2022-02-01,27.59,76.72,0.03
2022-02-02,27.05,79.96,0.21
2022-02-03,27.27,83.37,0.39
2022-02-04,27.79,81.24,0.69
2022-02-05,27.53,81.08,0.35
2022-02-06,27.73,80.41,0.06
2022-02-07,27.58,81.23,0.1
2022-02-08,27.89,80.58,0.45
2022-02-09,27.66,83.4,0.27
2022-02-10,28.03,82.11,2.9
2022-02-11,28.04,83.49,5.82
2022-02-12,28.01,83.31,3.4
2022-02-13,27.77,83.24,3.12
2022-02-14,27.56,85.56,8.65
2022-02-15,27.7,85.33,1.22
2022-02-16,27.59,84.69,0.67
2022-02-17,27.77,82.86,0.79
2022-02-18,27.7,84.02,1.15
2022-02-19,27.43,86.29,1.88
2022-02-20,27.33,86.3,1.52
2022-02-21,27.1,86.87,1.56
2022-02-22,27.1,87.32,1.61
2022-02-23,27.02,86.68,0.75
2022-02-24,26.84,88.19,0.48
2022-02-25,27.01,87.94,3.11
2022-02-26,27.38,86.94,4.23
2022-02-27,27.35,85.29,4.9
2022-02-28,27.17,86.84,5.58
2022-03-01,27.57,84.78,4.93
2022-03-02,27.47,83.8,3.98
2022-03-03,27.5,82.74,1.41
2022-03-04,27.23,86.12,28.13
2022-03-05,26.93,83.18,2.8
2022-03-06,27.23,82.64,1.97
2022-03-07,27.56,84.84,1.43
2022-03-08,27.64,84.54,2.35
2022-03-09,28.26,82.1,6.05
2022-03-10,27.85,84.92,10.78
2022-03-11,27.91,82.74,4.41
2022-03-12,27.54,84.39,8.55
2022-03-13,27.67,84.23,6.06
2022-03-14,27.68,82.99,1.96
2022-03-15,27.66,85.73,7.17
2022-03-16,27.64,85.38,1.34
2022-03-17,27.81,84.67,0.77
2022-03-18,27.56,87.95,1.1
2022-03-19,27.35,89.22,1.02
2022-03-20,27.58,85.1,1.69
2022-03-21,27.41,86.53,1.53
2022-03-22,27.42,87.79,6.95
2022-03-23,27.75,86.27,3.72
2022-03-24,27.87,86.19,4.89
2022-03-25,27.85,86.7,4.4
2022-03-26,27.71,85.6,2.41
2022-03-27,27.92,84.2,1.82
2022-03-28,28.08,85.68,1.24
2022-03-29,28.13,84.65,2.86
2022-03-30,28.22,84.39,6.32
2022-03-31,28.11,87.65,2.89
2022-04-01,28.04,85.31,6.03
2022-04-02,27.8,82.1,1.16
2022-04-03,27.96,82.49,2.69
2022-04-04,27.85,83.99,3.12
2022-04-05,27.85,84.99,3.83
2022-04-06,27.61,86.54,7.71
2022-04-07,27.45,87.86,6.59
2022-04-08,27.48,86.18,10.9
2022-04-09,27.56,84.8,7.92
2022-04-10,27.88,83.61,4.22
2022-04-11,27.8,85.57,3.62
2022-04-12,27.68,85.23,5.28
2022-04-13,27.17,82.82,10.36
2022-04-14,26.69,83.5,4.32
2022-04-15,26.88,86.55,26.62
2022-04-16,26.59,85.72,17.41
2022-04-17,27.27,85.47,8.41
2022-04-18,26.95,79.93,18.2
2022-04-19,27.36,81.44,1.78
2022-04-20,27.68,84.73,4.49
2022-04-21,26.73,86.73,10.39
2022-04-22,27.15,83.73,2.28
2022-04-23,27.52,86.35,6.29
2022-04-24,26.92,88.72,18.68
2022-04-25,26.92,86.52,7.96
2022-04-26,27.02,88.08,4.97
2022-04-27,26.88,87.47,13.1
2022-04-28,26.7,82.15,16.74
2022-04-29,27.29,83.7,3.55
2022-04-30,27.07,87.9,6.31
2022-05-01,27.09,86.25,20.04
2022-05-02,27.34,86.7,10.66
2022-05-03,27.38,86.72,10.48
2022-05-04,27.26,87.46,8.01
2022-05-05,27.36,87.04,8.38
2022-05-06,26.82,85.17,4.74
2022-05-07,27.18,83.51,2.04
2022-05-08,27.79,84.93,6.05
2022-05-09,27.5,87.28,14.31
2022-05-10,27.45,85.1,5.48
2022-05-11,27.64,85.01,6.09
2022-05-12,27.29,88.41,2.33
2022-05-13,27.71,85.11,2.96
2022-05-14,27.55,88.42,4.79
2022-05-15,27.3,88.13,2.39
2022-05-16,27.52,87.74,3.39
2022-05-17,27.4,87.37,4.51
2022-05-18,27.61,87.22,1.03
2022-05-19,27.58,86.38,7.47
2022-05-20,27.49,85.78,3.03
2022-05-21,26.68,88.75,91.35
2022-05-22,26.08,84.01,16.18
2022-05-23,26.57,79.9,5.33
2022-05-24,26.74,85.09,13.24
2022-05-25,26.75,84.06,12.32
2022-05-26,26.07,86.07,5.24
2022-05-27,26.68,82.48,1.7
2022-05-28,26.68,82.25,2.05
2022-05-29,27.15,84.33,3.0
2022-05-30,27.49,83.92,3.72
2022-05-31,26.85,87.97,9.09
2022-06-01,26.64,85.42,3.4
2022-06-02,27.19,86.13,3.5
2022-06-03,27.08,88.21,9.11
2022-06-04,26.78,88.34,6.71
2022-06-05,26.25,86.85,7.57
2022-06-06,25.9,83.95,12.47
2022-06-07,26.92,77.62,0.91
2022-06-08,26.57,84.75,3.8
2022-06-09,26.82,86.4,7.64
2022-06-10,26.77,87.94,7.67
2022-06-11,26.32,87.67,14.42
2022-06-12,26.49,81.56,0.84
2022-06-13,26.78,82.31,1.95
2022-06-14,26.93,86.35,7.74
2022-06-15,26.47,90.15,13.02
2022-06-16,25.27,91.17,76.53
2022-06-17,25.18,91.65,26.64
2022-06-18,25.38,89.12,15.7
2022-06-19,25.24,89.98,15.88
2022-06-20,25.54,87.52,3.25
2022-06-21,25.25,91.26,14.85
2022-06-22,25.01,90.32,11.66
2022-06-23,25.19,88.8,5.76
2022-06-24,25.62,89.66,7.72
2022-06-25,25.6,88.15,19.07
2022-06-26,25.6,88.72,7.46
2022-06-27,25.63,90.33,6.84
2022-06-28,25.47,92.61,9.2
2022-06-29,25.46,93.51,18.81
2022-06-30,25.13,90.9,9.22
2022-07-01,25.34,86.35,2.25
2022-07-02,25.57,82.92,0.35
2022-07-03,25.52,83.2,0.47
2022-07-04,25.29,88.74,6.34
2022-07-05,25.24,89.04,5.71
2022-07-06,25.21,90.86,3.4
2022-07-07,25.42,88.97,1.56
2022-07-08,25.44,90.01,5.09
2022-07-09,25.2,89.76,3.93
2022-07-10,25.0,87.51,0.32
2022-07-11,24.84,87.8,0.93
2022-07-12,24.77,87.45,0.76
2022-07-13,24.7,88.4,0.54
2022-07-14,24.82,88.99,1.04
2022-07-15,24.75,90.48,2.27
2022-07-16,24.62,90.4,2.66
2022-07-17,24.75,88.63,1.87
2022-07-18,24.48,85.51,0.77
2022-07-19,24.31,83.29,0.16
2022-07-20,24.0,81.52,0.35
2022-07-21,23.99,82.22,0.01
2022-07-22,24.14,85.87,0.36
2022-07-23,24.14,89.45,0.41
2022-07-24,24.33,89.05,0.33
2022-07-25,24.35,88.49,0.3
2022-07-26,24.3,90.71,3.6
2022-07-27,24.41,90.88,3.21
2022-07-28,24.41,89.49,1.29
2022-07-29,24.2,87.53,0.1
2022-07-30,24.03,89.02,0.4
2022-07-31,23.98,89.22,1.8
2022-08-01,23.56,88.84,2.93
2022-08-02,23.4,88.18,0.49
2022-08-03,23.51,86.86,0.57
2022-08-04,23.37,87.6,0.01
2022-08-05,23.23,88.5,0.0
2022-08-06,23.3,88.93,0.01
2022-08-07,23.58,89.57,0.0
2022-08-08,23.6,89.67,0.01
2022-08-09,23.49,90.7,0.21
2022-08-10,23.43,90.39,0.14
2022-08-11,23.48,91.64,0.04
2022-08-12,23.56,92.63,0.1
2022-08-13,23.85,91.98,0.62
2022-08-14,23.48,92.47,3.56
2022-08-15,23.16,92.26,2.35
2022-08-16,23.23,92.06,0.42
2022-08-17,23.43,89.98,0.2
2022-08-18,23.64,89.66,0.07
2022-08-19,23.5,91.67,1.21
2022-08-20,23.39,92.17,1.06
2022-08-21,23.78,89.12,0.14
2022-08-22,23.75,92.58,1.26
2022-08-23,23.44,94.53,4.94
2022-08-24,23.66,91.49,1.17
2022-08-25,24.3,88.8,0.31
2022-08-26,24.06,91.32,1.62
2022-08-27,23.78,92.92,9.86
2022-08-28,23.8,91.67,1.78
2022-08-29,23.9,90.47,0.11
2022-08-30,24.37,91.32,5.83
2022-08-31,23.87,94.55,28.51
2022-09-01,24.34,90.84,0.8
2022-09-02,24.55,89.89,0.6
2022-09-03,24.75,90.53,1.95
2022-09-04,24.96,90.4,5.16
2022-09-05,24.73,90.25,13.94
2022-09-06,24.84,88.37,2.16
2022-09-07,24.95,88.57,1.24
2022-09-08,24.85,88.44,2.21
2022-09-09,24.86,85.77,0.46
2022-09-10,25.02,85.01,0.79
2022-09-11,25.05,85.58,0.21
2022-09-12,24.58,88.32,2.22
2022-09-13,24.63,88.58,2.24
2022-09-14,24.78,87.9,1.03
2022-09-15,24.79,89.84,2.3
2022-09-16,24.88,89.32,7.26
2022-09-17,24.86,88.91,1.5
2022-09-18,24.99,88.46,4.59
2022-09-19,24.8,90.8,5.95
2022-09-20,24.71,89.47,2.72
2022-09-21,25.01,88.55,2.55
2022-09-22,24.99,90.74,7.06
2022-09-23,25.07,92.24,5.79
2022-09-24,25.3,89.8,6.88
2022-09-25,25.3,89.99,5.17
2022-09-26,25.29,90.58,26.81
2022-09-27,24.83,91.42,10.4
2022-09-28,24.65,92.23,14.33
2022-09-29,25.25,87.37,2.89
2022-09-30,25.31,88.61,3.93
2022-10-01,25.18,90.86,18.91
2022-10-02,25.23,90.11,3.9
2022-10-03,25.39,89.77,1.6
2022-10-04,25.5,89.55,1.33
2022-10-05,25.55,89.0,2.04
2022-10-06,25.7,88.32,4.02
2022-10-07,25.44,88.45,3.48
2022-10-08,25.5,86.73,2.48
2022-10-09,25.6,87.64,9.58
2022-10-10,25.35,89.57,5.99
2022-10-11,25.51,87.34,2.75
2022-10-12,26.27,85.23,3.43
2022-10-13,26.35,87.56,4.99
2022-10-14,25.95,88.76,6.98
2022-10-15,26.09,88.03,4.36
2022-10-16,25.97,88.24,5.56
2022-10-17,26.21,86.38,1.41
2022-10-18,26.36,88.28,7.56
2022-10-19,26.19,88.95,6.48
2022-10-20,26.62,87.44,7.3
2022-10-21,26.63,88.13,12.53
2022-10-22,26.75,87.06,6.25
2022-10-23,26.62,88.1,6.72
2022-10-24,26.75,88.01,7.72
2022-10-25,26.27,87.98,16.81
2022-10-26,26.52,85.14,0.78
2022-10-27,26.87,87.7,3.22
2022-10-28,26.99,88.68,2.69
2022-10-29,27.03,87.7,4.0
2022-10-30,26.92,85.75,3.06
2022-10-31,26.91,83.83,2.5
2022-11-01,27.01,84.09,3.72
2022-11-02,26.61,80.93,3.55
2022-11-03,26.76,84.05,0.76
2022-11-04,26.57,85.88,1.13
2022-11-05,26.55,85.93,1.1
2022-11-06,27.1,84.85,2.46
2022-11-07,27.45,80.99,1.31
2022-11-08,27.48,84.37,3.18
2022-11-09,27.03,87.49,6.1
2022-11-10,26.84,88.06,4.4
2022-11-11,26.68,87.78,6.03
2022-11-12,26.09,86.67,3.1
2022-11-13,26.4,80.63,1.57
2022-11-14,26.77,82.2,2.3
2022-11-15,26.88,83.96,2.54
2022-11-16,27.0,83.36,2.74
2022-11-17,26.38,86.75,3.28
2022-11-18,26.77,83.71,2.99
2022-11-19,26.85,84.8,6.74
2022-11-20,26.43,85.97,6.92
2022-11-21,26.86,84.66,6.89
2022-11-22,26.87,85.53,2.19
2022-11-23,26.96,83.35,1.22
2022-11-24,27.18,82.85,1.8
2022-11-25,27.33,83.83,1.31
2022-11-26,27.04,85.67,2.82
2022-11-27,27.03,85.56,1.92
2022-11-28,26.68,86.74,3.47
2022-11-29,26.78,85.22,1.94
2022-11-30,26.87,84.37,0.69
2022-12-01,26.75,86.21,8.77
2022-12-02,26.58,85.21,7.31
2022-12-03,26.29,86.31,9.16
2022-12-04,26.51,85.52,2.18
2022-12-05,26.59,88.25,2.79
2022-12-06,26.88,87.58,5.14
2022-12-07,26.82,83.71,0.94
2022-12-08,27.07,82.94,0.56
2022-12-09,27.06,82.58,0.3
2022-12-10,26.94,83.61,0.29
2022-12-11,26.62,88.09,1.32
2022-12-12,26.45,88.37,0.82
2022-12-13,26.71,84.53,0.3
2022-12-14,27.38,82.68,0.5
2022-12-15,26.7,86.25,1.15
2022-12-16,26.81,85.44,1.59
2022-12-17,26.65,87.54,0.92
2022-12-18,26.9,84.84,1.09
2022-12-19,27.26,80.65,0.71
2022-12-20,26.68,80.58,0.92
2022-12-21,26.3,78.76,0.45
2022-12-22,26.99,82.0,1.26
2022-12-23,26.3,78.51,0.14
2022-12-24,26.51,72.9,0.16
2022-12-25,26.52,61.81,0.01
2022-12-26,26.66,63.18,0.0
2022-12-27,27.03,72.28,0.0
2022-12-28,26.85,75.17,0.0
2022-12-29,27.15,77.57,0.01
2022-12-30,27.22,76.41,0.02
2022-12-31,26.61,74.4,0.03
2023-01-01,27.0,69.88,0.02
2023-01-02,26.88,62.71,0.04
2023-01-03,26.42,66.13,0.01
2023-01-04,27.1,67.1,0.05
2023-01-05,26.92,71.84,0.2
2023-01-06,27.15,81.62,0.08
2023-01-07,27.53,81.17,0.11
2023-01-08,27.45,80.28,0.14
2023-01-09,27.44,82.08,0.06
2023-01-10,27.28,83.85,0.09
2023-01-11,27.25,81.19,0.19
2023-01-12,26.64,79.35,0.29
2023-01-13,27.66,77.34,0.16
2023-01-14,27.6,65.04,0.16
2023-01-15,27.28,80.23,0.13
2023-01-16,27.36,79.48,0.28
2023-01-17,27.62,79.97,0.29
2023-01-18,27.55,82.0,0.3
2023-01-19,27.73,81.16,0.41
2023-01-20,27.38,84.79,0.2
2023-01-21,27.51,84.5,2.98
2023-01-22,27.57,85.14,4.67
2023-01-23,27.32,85.28,4.1
2023-01-24,27.59,82.86,2.17
2023-01-25,27.79,81.81,1.55
2023-01-26,27.27,85.74,3.05
2023-01-27,27.75,79.02,1.6
2023-01-28,26.9,85.09,2.14
2023-01-29,26.74,85.46,1.3
2023-01-30,26.81,84.24,2.4
2023-01-31,27.25,81.76,1.1
2023-02-01,27.38,82.79,0.2
2023-02-02,27.49,82.51,0.4
2023-02-03,27.67,81.17,0.68
2023-02-04,27.92,82.05,1.98
2023-02-05,27.11,84.14,11.75
2023-02-06,27.31,80.68,1.42
2023-02-07,27.36,78.21,0.39
2023-02-08,27.23,83.1,1.26
2023-02-09,27.62,82.99,0.81
2023-02-10,28.12,82.25,0.1
2023-02-11,28.15,83.29,0.09
2023-02-12,28.12,83.65,0.21
2023-02-13,27.82,85.56,0.14
2023-02-14,27.89,84.62,0.24
2023-02-15,27.96,82.42,0.23
2023-02-16,28.1,79.27,0.26
2023-02-17,27.86,78.98,0.07
2023-02-18,27.72,74.86,0.0
2023-02-19,27.3,80.13,0.0
2023-02-20,28.0,82.83,0.03
2023-02-21,27.88,85.89,0.09
2023-02-22,28.02,84.42,0.17
2023-02-23,28.15,82.23,0.26
2023-02-24,27.93,82.73,0.23
2023-02-25,27.71,83.98,2.91
2023-02-26,28.38,76.89,2.33
2023-02-27,28.08,82.06,1.65
2023-02-28,27.95,83.8,3.83
2023-03-01,28.52,74.37,3.7
2023-03-02,28.03,83.92,7.68
2023-03-03,28.0,85.29,6.49
2023-03-04,27.51,85.69,4.78
2023-03-05,28.05,78.27,2.04
2023-03-06,27.92,83.88,5.77
2023-03-07,27.45,84.06,14.05
2023-03-08,28.23,82.72,2.59
2023-03-09,28.09,83.82,6.52
2023-03-10,28.15,82.45,2.77
2023-03-11,27.77,87.47,12.7
2023-03-12,27.69,77.37,0.88
2023-03-13,28.29,77.47,0.56
2023-03-14,28.26,82.15,1.05
2023-03-15,28.1,81.58,1.48
2023-03-16,27.87,84.09,2.55
2023-03-17,27.58,84.1,4.44
2023-03-18,27.36,82.31,6.8
2023-03-19,27.93,75.58,0.71
2023-03-20,28.01,79.77,3.07
2023-03-21,28.07,80.93,3.23
2023-03-22,27.52,79.47,10.74
2023-03-23,27.78,77.25,1.85
2023-03-24,26.02,87.3,37.58
2023-03-25,27.35,80.18,1.17
2023-03-26,27.49,80.1,3.37
2023-03-27,27.33,81.88,3.05
2023-03-28,27.58,80.8,1.05
2023-03-29,27.53,84.6,2.5
2023-03-30,27.71,85.42,2.95
2023-03-31,27.86,81.57,4.69
2023-04-01,27.91,75.43,0.91
2023-04-02,27.72,84.35,2.53
2023-04-03,27.5,83.48,3.57
2023-04-04,27.92,80.24,1.46
2023-04-05,28.35,81.03,1.28
2023-04-06,28.24,82.71,3.82
2023-04-07,27.83,84.86,7.53
2023-04-08,27.63,85.67,12.83
2023-04-09,27.02,85.17,8.42
2023-04-10,27.69,83.58,1.41
2023-04-11,27.94,83.65,3.21
2023-04-12,27.3,85.15,6.66
2023-04-13,27.68,84.89,7.33
2023-04-14,27.96,86.19,10.28
2023-04-15,27.79,88.52,11.72
2023-04-16,27.85,83.55,7.14
2023-04-17,27.79,84.58,6.83
2023-04-18,27.96,84.95,6.8
2023-04-19,27.61,86.78,16.64
2023-04-20,27.35,85.01,4.28
2023-04-21,27.46,84.84,1.53
2023-04-22,28.1,84.65,3.55
2023-04-23,28.0,87.88,7.15
2023-04-24,27.92,83.59,9.32
2023-04-25,27.71,85.03,6.01
2023-04-26,27.37,87.13,3.36
2023-04-27,26.91,85.52,8.18
2023-04-28,27.22,82.43,0.41
2023-04-29,26.96,85.93,39.88
2023-04-30,26.82,81.17,18.21
2023-05-01,27.44,83.2,3.94
2023-05-02,27.6,83.56,1.96
2023-05-03,27.66,82.75,5.63
2023-05-04,27.73,82.86,4.43
2023-05-05,27.72,83.54,2.57
2023-05-06,27.49,85.62,6.52
2023-05-07,27.61,80.04,2.65
2023-05-08,27.96,82.66,3.21
2023-05-09,28.01,84.01,5.09
2023-05-10,28.04,87.78,8.13
2023-05-11,28.0,86.66,7.43
2023-05-12,27.93,85.36,14.38
2023-05-13,28.36,85.3,5.8
2023-05-14,28.25,87.86,12.23
2023-05-15,27.73,88.31,12.94
2023-05-16,27.77,85.59,11.93
2023-05-17,28.01,85.46,6.82
2023-05-18,28.0,85.0,14.71
2023-05-19,27.14,89.19,7.46
2023-05-20,27.66,86.53,5.44
2023-05-21,27.32,86.63,4.86
2023-05-22,27.16,86.68,7.69
2023-05-23,27.58,86.94,6.03
2023-05-24,27.64,87.44,3.77
2023-05-25,27.77,85.42,3.68
2023-05-26,27.65,86.57,1.29
2023-05-27,27.39,87.71,3.75
2023-05-28,27.18,86.44,4.44
2023-05-29,27.54,85.68,6.95
2023-05-30,27.57,83.35,1.91
2023-05-31,27.91,85.99,3.77
2023-06-01,27.58,88.8,6.72
2023-06-02,26.53,91.08,23.93
2023-06-03,26.45,86.88,7.51
2023-06-04,26.75,86.57,1.67
2023-06-05,26.89,88.0,2.08
2023-06-06,26.6,89.24,5.55
2023-06-07,26.05,90.73,15.68
2023-06-08,26.24,86.43,7.24
2023-06-09,26.73,86.2,6.67
2023-06-10,26.68,88.37,15.13
2023-06-11,26.32,85.46,3.35
2023-06-12,26.44,82.75,0.17
2023-06-13,26.4,83.22,0.08
2023-06-14,26.35,84.34,1.09
2023-06-15,26.24,85.84,3.22
2023-06-16,26.51,84.97,1.08
2023-06-17,26.5,85.12,0.54
2023-06-18,26.6,89.26,8.03
2023-06-19,26.16,90.07,7.43
2023-06-20,26.01,91.28,16.77
2023-06-21,25.77,90.06,40.04
2023-06-22,25.43,90.34,2.48
2023-06-23,25.61,90.09,17.74
2023-06-24,25.39,89.9,19.25
2023-06-25,24.99,87.59,1.88
2023-06-26,24.56,84.73,0.33
2023-06-27,24.51,87.12,0.68
2023-06-28,24.71,90.66,2.19
2023-06-29,24.75,92.15,2.02
2023-06-30,24.95,91.24,1.4
2023-07-01,25.29,91.34,2.72
2023-07-02,25.24,92.59,6.7
2023-07-03,25.24,91.01,4.73
2023-07-04,25.38,91.98,8.07
2023-07-05,25.49,91.33,7.73
2023-07-06,25.76,90.91,2.6
2023-07-07,25.86,89.75,7.82
2023-07-08,25.19,93.03,110.47
2023-07-09,25.25,91.82,16.38
2023-07-10,25.71,88.82,5.27
2023-07-11,25.75,88.48,3.26
2023-07-12,25.42,90.58,12.13
2023-07-13,25.67,88.94,8.73
2023-07-14,25.89,88.25,3.15
2023-07-15,26.13,89.47,3.22
2023-07-16,26.08,89.82,7.16
2023-07-17,26.11,89.56,7.4
2023-07-18,26.17,89.14,4.37
2023-07-19,25.75,90.52,4.65
2023-07-20,25.86,90.72,2.35
2023-07-21,25.76,89.95,2.58
2023-07-22,25.28,90.34,4.17
2023-07-23,24.87,91.48,2.21
2023-07-24,24.99,91.85,2.37
2023-07-25,24.9,92.81,1.03
2023-07-26,25.21,90.87,0.43
2023-07-27,25.1,91.5,0.88
2023-07-28,25.01,92.39,0.96
2023-07-29,25.08,91.28,0.94
2023-07-30,25.03,92.03,4.5
2023-07-31,25.09,92.42,8.44
2023-08-01,24.97,91.84,5.66
2023-08-02,24.91,90.2,1.83
2023-08-03,24.82,88.28,1.25
2023-08-04,24.75,90.15,0.38
2023-08-05,24.78,90.61,0.73
2023-08-06,24.71,91.17,0.77
2023-08-07,25.13,89.82,0.65
2023-08-08,25.06,90.79,1.62
2023-08-09,24.84,89.96,1.48
2023-08-10,24.78,88.79,0.48
2023-08-11,24.84,87.53,0.18
2023-08-12,24.89,88.88,0.18
2023-08-13,24.67,90.43,0.5
2023-08-14,24.64,91.92,2.57
2023-08-15,24.68,91.97,1.82
2023-08-16,25.17,89.64,1.06
2023-08-17,25.03,92.24,4.11
2023-08-18,24.65,92.66,6.25
2023-08-19,24.58,91.83,5.83
2023-08-20,25.08,90.55,2.17
2023-08-21,24.89,92.84,2.31
2023-08-22,25.26,90.41,0.78
2023-08-23,25.35,90.36,1.67
2023-08-24,25.21,90.97,1.19
2023-08-25,25.25,90.34,1.48
2023-08-26,25.58,89.86,0.99
2023-08-27,25.54,89.74,1.48
2023-08-28,25.33,91.7,3.28
2023-08-29,25.57,90.76,1.54
2023-08-30,25.34,92.11,4.81
2023-08-31,25.49,91.11,2.82
2023-09-01,25.63,89.96,2.48
2023-09-02,25.16,92.08,7.6
2023-09-03,25.18,91.3,4.28
2023-09-04,25.21,90.51,0.79
2023-09-05,25.28,91.63,3.63
2023-09-06,25.54,90.26,2.15
2023-09-07,25.69,90.3,1.73
2023-09-08,25.72,91.15,8.17
2023-09-09,25.25,93.05,26.49
2023-09-10,25.62,90.84,2.37
2023-09-11,25.51,91.99,8.74
2023-09-12,25.37,92.38,10.09
2023-09-13,25.22,91.91,2.44
2023-09-14,25.44,89.49,1.32
2023-09-15,25.41,90.07,3.19
2023-09-16,25.48,91.76,7.51
2023-09-17,25.42,91.31,6.6
2023-09-18,25.32,91.02,2.32
2023-09-19,25.63,89.38,3.05
2023-09-20,25.7,90.68,3.46
2023-09-21,26.17,89.55,3.19
2023-09-22,26.05,90.45,9.82
2023-09-23,25.58,90.45,6.03
2023-09-24,25.9,89.28,1.89
2023-09-25,26.17,87.94,0.92
2023-09-26,26.4,86.92,0.44
2023-09-27,26.46,88.15,0.57
2023-09-28,26.5,89.47,2.89
2023-09-29,26.55,89.97,4.86
2023-09-30,26.71,89.67,3.57
2023-10-01,26.82,86.9,2.78
2023-10-02,26.77,85.1,1.22
2023-10-03,26.6,86.25,2.12
2023-10-04,26.79,85.68,1.67
2023-10-05,26.59,88.29,18.67
2023-10-06,26.42,88.88,6.35
2023-10-07,26.49,87.47,6.08
2023-10-08,26.07,88.68,5.68
2023-10-09,26.52,87.04,6.37
2023-10-10,26.7,89.37,6.48
2023-10-11,26.64,87.39,11.07
2023-10-12,26.23,88.22,12.46
2023-10-13,26.53,82.66,3.33
2023-10-14,26.72,87.58,3.25
2023-10-15,26.49,88.63,9.36
2023-10-16,26.14,89.4,9.86
2023-10-17,26.71,83.34,8.64
2023-10-18,27.18,85.06,1.66
2023-10-19,26.94,88.14,2.86
2023-10-20,27.19,86.08,4.72
2023-10-21,26.95,88.68,7.61
2023-10-22,27.09,88.39,4.27
2023-10-23,26.7,88.65,4.88
2023-10-24,26.63,86.38,3.56
2023-10-25,26.9,87.29,1.24
2023-10-26,26.75,89.34,2.57
2023-10-27,26.78,88.26,0.84
2023-10-28,26.87,86.31,1.15
2023-10-29,27.2,85.03,3.79
2023-10-30,27.27,87.36,4.86
2023-10-31,26.95,88.77,7.52
2023-11-01,27.05,84.51,6.89
2023-11-02,27.21,85.22,2.39
2023-11-03,27.52,87.11,3.95
2023-11-04,27.15,87.47,3.91
2023-11-05,27.45,85.24,3.15
2023-11-06,27.45,86.87,7.28
2023-11-07,27.04,86.99,6.95
2023-11-08,26.83,87.91,15.07
2023-11-09,27.1,85.42,5.54
2023-11-10,27.33,86.73,4.34
2023-11-11,27.34,88.47,7.2
2023-11-12,27.5,87.21,1.89
2023-11-13,27.76,84.85,1.23
2023-11-14,27.92,84.46,2.85
2023-11-15,27.42,85.66,1.47
2023-11-16,27.8,78.21,1.63
2023-11-17,27.5,85.02,1.62
2023-11-18,27.27,87.16,1.63
2023-11-19,27.23,86.5,1.74
2023-11-20,27.8,84.19,1.22
2023-11-21,27.35,88.22,1.63
2023-11-22,27.6,85.61,8.63
2023-11-23,27.64,84.39,7.82
2023-11-24,27.16,89.51,14.15
2023-11-25,27.19,87.26,32.36
2023-11-26,26.55,83.4,13.58
2023-11-27,27.03,80.79,0.97
2023-11-28,27.13,84.5,5.02
2023-11-29,26.78,82.83,6.46
2023-11-30,27.35,82.16,2.11
2023-12-01,27.14,88.87,6.26
2023-12-02,27.56,85.45,1.49
2023-12-03,27.72,84.01,1.98
2023-12-04,27.9,84.13,1.51
2023-12-05,27.73,85.18,2.28
2023-12-06,27.74,84.1,1.89
2023-12-07,27.61,85.25,2.15
2023-12-08,27.66,77.72,1.43
2023-12-09,28.25,80.37,0.19
2023-12-10,27.97,84.68,0.36
2023-12-11,28.02,82.46,0.47
2023-12-12,27.82,80.92,0.46
2023-12-13,27.46,65.67,0.18
2023-12-14,27.94,63.27,0.0
2023-12-15,28.07,70.09,0.0
2023-12-16,28.27,71.61,0.0
2023-12-17,27.96,74.39,0.02
2023-12-18,27.91,73.49,0.08
2023-12-19,27.51,74.05,0.06
2023-12-20,27.44,65.37,0.1
2023-12-21,27.19,63.98,0.0
2023-12-22,28.17,64.81,0.0
2023-12-23,27.81,72.39,0.02
2023-12-24,28.43,80.37,0.05
2023-12-25,28.49,79.82,0.03
2023-12-26,28.1,71.9,0.04
2023-12-27,28.36,77.02,0.44
2023-12-28,28.16,80.69,0.67
2023-12-29,28.54,78.41,0.07
2023-12-30,28.45,81.09,0.2
2023-12-31,28.44,79.31,0.26
2024-01-01,28.46,80.97,0.69
2024-01-02,28.54,81.36,1.78
2024-01-03,28.39,81.87,1.58
2024-01-04,28.42,81.72,1.1
2024-01-05,28.15,83.21,1.38
2024-01-06,27.92,84.81,2.79
2024-01-07,28.06,82.53,2.02
2024-01-08,28.28,84.46,4.2
2024-01-09,28.24,85.1,8.65
2024-01-10,28.24,83.65,6.68
2024-01-11,28.91,74.56,0.55
2024-01-12,28.37,81.22,0.3
2024-01-13,28.23,83.57,0.49
2024-01-14,28.23,82.89,0.29
2024-01-15,28.38,81.83,0.93
2024-01-16,28.24,80.46,0.24
2024-01-17,27.77,78.17,0.08
2024-01-18,27.66,80.0,0.01
2024-01-19,27.89,77.33,0.01
2024-01-20,28.28,78.8,0.08
2024-01-21,28.79,78.15,0.56
2024-01-22,28.16,82.19,0.96
2024-01-23,28.0,83.6,1.07
2024-01-24,28.11,82.42,0.94
2024-01-25,28.26,80.21,1.16
2024-01-26,28.55,65.99,0.24
2024-01-27,28.56,63.76,0.02
2024-01-28,28.33,69.65,0.0
2024-01-29,27.96,76.05,0.0
2024-01-30,27.95,79.11,0.03
2024-01-31,28.19,81.81,0.06
2024-02-01,27.96,83.9,0.22
2024-02-02,28.85,77.85,0.13
2024-02-03,27.81,85.18,0.14
2024-02-04,27.55,84.6,0.1
2024-02-05,27.74,83.55,0.05
2024-02-06,27.76,82.17,0.01
2024-02-07,27.48,80.28,0.0
2024-02-08,27.61,84.33,0.0
2024-02-09,28.26,82.28,0.01
2024-02-10,28.46,83.2,0.38
2024-02-11,28.63,83.94,1.29
2024-02-12,28.31,86.7,2.21
2024-02-13,28.97,85.19,2.23
2024-02-14,29.42,83.52,2.0
2024-02-15,29.33,83.56,5.89
2024-02-16,28.87,83.21,1.53
2024-02-17,28.94,80.3,1.42
2024-02-18,28.82,80.94,1.47
2024-02-19,28.69,82.16,2.81
2024-02-20,28.73,81.7,3.41
2024-02-21,28.57,84.11,5.57
2024-02-22,28.5,83.81,8.35
2024-02-23,28.53,82.42,2.78
2024-02-24,28.59,82.27,1.51
2024-02-25,28.44,81.61,0.55
2024-02-26,28.33,83.22,0.72
2024-02-27,28.56,83.39,0.96
2024-02-28,28.84,81.45,0.72
2024-02-29,28.71,81.49,0.82
2024-03-01,28.53,79.12,1.35
2024-03-02,28.33,83.73,21.87
2024-03-03,27.64,87.46,16.09
2024-03-04,28.21,80.65,3.77
2024-03-05,28.12,84.6,7.15
2024-03-06,28.06,85.95,13.31
2024-03-07,27.8,86.05,0.96
2024-03-08,27.73,86.21,0.7
2024-03-09,27.77,86.31,0.98
2024-03-10,28.16,85.97,0.34
2024-03-11,28.51,85.41,0.85
2024-03-12,28.3,85.57,13.66
2024-03-13,28.34,85.96,8.0
2024-03-14,28.42,86.7,15.52
2024-03-15,28.28,84.29,3.11
2024-03-16,28.49,83.87,5.04
2024-03-17,28.64,86.38,10.11
2024-03-18,28.43,87.25,19.89
2024-03-19,28.27,87.9,27.67
2024-03-20,28.43,82.79,5.67
2024-03-21,28.69,84.63,9.05
2024-03-22,28.47,82.63,1.78
2024-03-23,27.86,85.56,1.92
2024-03-24,28.09,81.86,0.39
2024-03-25,28.6,84.81,0.92
2024-03-26,28.5,85.9,2.2
2024-03-27,29.01,83.13,2.21
2024-03-28,29.34,83.82,4.43
2024-03-29,28.83,85.33,5.65
2024-03-30,28.91,84.75,3.19
2024-03-31,28.95,85.18,4.12
2024-04-01,28.95,85.01,2.79
2024-04-02,28.6,87.02,5.06
2024-04-03,28.45,87.63,6.54
2024-04-04,28.8,84.45,3.26
2024-04-05,28.69,86.93,8.62
2024-04-06,28.34,86.47,7.97
2024-04-07,28.23,86.94,2.9
2024-04-08,28.15,87.06,12.06
2024-04-09,28.34,84.05,2.07
2024-04-10,28.52,83.54,4.17
2024-04-11,28.73,82.89,2.73
2024-04-12,28.74,83.27,0.99
2024-04-13,28.8,81.73,1.15
2024-04-14,28.64,81.23,2.07
2024-04-15,28.85,82.97,1.7
2024-04-16,28.53,84.76,3.38
2024-04-17,28.3,86.55,1.99
2024-04-18,28.8,81.61,0.87
2024-04-19,28.72,88.17,3.41
2024-04-20,28.97,84.7,1.89
2024-04-21,28.96,85.51,11.22
2024-04-22,28.82,84.07,5.07
2024-04-23,28.51,85.65,22.63
2024-04-24,28.54,85.59,4.16
2024-04-25,28.61,85.67,5.13
2024-04-26,28.93,84.98,5.51
2024-04-27,28.95,84.55,3.06
2024-04-28,28.84,86.28,3.8
2024-04-29,28.44,84.73,8.89
2024-04-30,29.07,82.27,6.86
2024-05-01,28.13,87.1,19.3
2024-05-02,28.03,83.56,0.15
2024-05-03,28.35,81.67,1.02
2024-05-04,29.15,78.79,0.85
2024-05-05,28.86,85.79,1.48
2024-05-06,28.55,87.13,28.48
2024-05-07,27.94,87.03,3.37
2024-05-08,28.37,84.29,1.57
2024-05-09,28.61,85.15,2.53
2024-05-10,28.61,85.77,4.74
2024-05-11,28.55,86.28,16.23
2024-05-12,27.92,88.24,11.16
2024-05-13,28.03,82.69,8.46
2024-05-14,28.31,81.33,1.53
2024-05-15,28.67,84.22,11.81
2024-05-16,27.58,89.97,18.55
2024-05-17,27.98,86.75,2.72
2024-05-18,28.2,85.42,3.16
2024-05-19,28.41,86.18,3.92
2024-05-20,28.64,86.33,6.65
2024-05-21,28.32,89.51,13.68
2024-05-22,28.01,88.44,18.44
2024-05-23,27.54,87.7,12.89
2024-05-24,28.06,84.53,7.96
2024-05-25,27.57,85.78,17.02
2024-05-26,27.71,84.16,2.48
2024-05-27,27.94,82.64,0.28
2024-05-28,28.0,85.86,0.99
2024-05-29,28.14,86.01,1.48
2024-05-30,28.1,86.67,5.59
2024-05-31,27.92,87.51,6.33
2024-06-01,27.73,86.85,11.33
2024-06-02,27.0,89.47,10.99
2024-06-03,26.97,87.98,3.02
2024-06-04,27.16,87.84,5.23
2024-06-05,27.25,89.67,11.1
2024-06-06,26.95,88.76,17.74
2024-06-07,26.78,87.18,34.4
2024-06-08,27.08,85.73,3.11
2024-06-09,26.91,89.16,16.59
2024-06-10,26.8,89.43,10.44
2024-06-11,26.96,86.97,13.12
2024-06-12,27.06,85.97,1.78
2024-06-13,27.03,86.9,14.94
2024-06-14,26.54,89.46,17.94
2024-06-15,25.94,90.34,7.96
2024-06-16,26.25,87.69,2.91
2024-06-17,26.81,85.9,0.43
2024-06-18,26.93,87.61,0.92
2024-06-19,26.72,90.17,1.07
2024-06-20,26.57,89.98,5.56
2024-06-21,26.13,90.38,7.55
2024-06-22,26.19,90.06,3.48
2024-06-23,26.17,89.4,2.07
2024-06-24,26.44,90.19,4.65
2024-06-25,26.28,91.12,14.36
2024-06-26,25.74,92.44,15.16
2024-06-27,26.07,89.21,1.81
2024-06-28,25.95,91.15,9.46
2024-06-29,25.75,92.35,13.07
2024-06-30,25.69,92.69,8.15
2024-07-01,25.64,90.81,2.26
2024-07-02,26.04,89.08,4.64
2024-07-03,25.64,90.7,7.5
2024-07-04,25.62,89.85,4.91
2024-07-05,25.69,90.29,2.19
2024-07-06,25.61,91.77,1.34
2024-07-07,25.71,91.55,3.24
2024-07-08,25.26,91.76,5.55
2024-07-09,25.41,89.32,4.72
2024-07-10,25.32,88.62,1.15
2024-07-11,25.19,89.79,0.66
2024-07-12,25.09,90.86,1.81
2024-07-13,24.89,90.4,0.65
2024-07-14,24.81,89.86,0.72
2024-07-15,24.72,91.31,1.73
2024-07-16,24.72,91.61,0.77
2024-07-17,24.66,91.3,0.93
2024-07-18,24.74,91.5,1.08
2024-07-19,24.78,91.78,0.78
2024-07-20,24.63,92.64,1.03
2024-07-21,24.61,90.66,0.59
2024-07-22,24.57,89.53,0.25
2024-07-23,24.59,90.45,0.55
2024-07-24,24.56,91.07,0.24
2024-07-25,24.53,91.27,0.39
2024-07-26,24.5,91.2,0.3
2024-07-27,24.64,90.7,0.31
2024-07-28,24.49,91.89,0.37
2024-07-29,24.42,91.18,0.44
2024-07-30,24.6,88.54,0.42
2024-07-31,24.6,89.32,1.42
2024-08-01,24.5,90.39,1.75
2024-08-02,24.51,88.44,0.78
2024-08-03,24.73,87.82,0.21
2024-08-04,24.6,87.43,0.08
2024-08-05,24.55,87.17,0.09
2024-08-06,24.41,88.33,0.1
2024-08-07,24.36,87.9,0.27
2024-08-08,24.43,87.03,0.07
2024-08-09,24.3,89.01,0.17
2024-08-10,24.36,89.89,0.11
2024-08-11,24.64,89.01,0.23
2024-08-12,24.8,89.74,0.59
2024-08-13,24.96,90.67,0.87
2024-08-14,24.92,89.88,0.42
2024-08-15,24.69,88.7,0.18
2024-08-16,24.45,89.04,0.04
2024-08-17,24.34,90.87,1.58
2024-08-18,24.45,89.64,0.2
2024-08-19,24.46,90.18,0.57
2024-08-20,24.21,92.85,12.84
2024-08-21,24.4,91.4,0.83
2024-08-22,24.52,91.49,3.13
2024-08-23,24.11,93.05,2.41
2024-08-24,24.35,91.82,1.33
2024-08-25,24.5,90.1,0.69
2024-08-26,24.34,92.26,1.48
2024-08-27,24.43,91.82,0.67
2024-08-28,24.4,91.56,0.62
2024-08-29,24.43,89.96,0.22
2024-08-30,24.15,90.65,0.65
2024-08-31,23.75,91.36,0.73
2024-09-01,23.93,89.56,0.44
2024-09-02,24.2,89.36,0.18
2024-09-03,24.28,90.0,0.23
2024-09-04,24.67,88.24,0.21
2024-09-05,24.66,86.4,0.08
2024-09-06,24.76,85.79,0.02
2024-09-07,24.73,87.05,0.31
2024-09-08,24.95,86.72,1.18
2024-09-09,25.16,86.32,0.3
2024-09-10,25.32,88.78,1.27
2024-09-11,25.22,90.86,3.95
2024-09-12,25.41,89.08,2.12
2024-09-13,25.51,88.45,1.57
2024-09-14,25.4,89.21,3.45
2024-09-15,25.43,88.18,1.32
2024-09-16,25.67,86.83,0.85
2024-09-17,25.49,88.88,7.48
2024-09-18,25.3,89.64,2.21
2024-09-19,25.07,88.49,0.39
2024-09-20,25.36,87.62,0.24
2024-09-21,25.76,87.21,0.23
2024-09-22,25.96,88.03,1.64
2024-09-23,25.67,88.82,16.8
2024-09-24,25.84,87.18,1.8
2024-09-25,25.81,88.49,5.14
2024-09-26,25.69,88.09,2.78
2024-09-27,26.11,86.81,2.1
2024-09-28,25.91,88.29,5.7
2024-09-29,26.32,85.31,1.98
2024-09-30,26.19,84.96,1.58
2024-10-01,26.32,85.41,1.88
2024-10-02,26.47,85.93,3.49
2024-10-03,26.48,86.5,3.62
2024-10-04,26.0,89.56,14.1
2024-10-05,25.92,90.11,9.85
2024-10-06,25.66,90.52,18.88
2024-10-07,26.08,88.38,3.58
2024-10-08,26.19,88.01,10.22
2024-10-09,25.67,88.44,19.56
2024-10-10,26.16,85.42,1.28
2024-10-11,26.36,87.66,7.17
2024-10-12,26.6,89.3,15.77
2024-10-13,25.94,93.2,16.25
2024-10-14,25.9,90.46,8.18
2024-10-15,26.19,88.56,4.25
2024-10-16,26.42,87.51,3.99
2024-10-17,25.74,91.81,15.36
2024-10-18,26.06,87.91,5.85
2024-10-19,26.49,86.9,8.18
2024-10-20,26.35,88.13,6.76
2024-10-21,26.67,87.19,2.55
2024-10-22,26.78,86.94,5.03
2024-10-23,26.73,87.97,11.79
2024-10-24,26.99,87.43,3.52
2024-10-25,26.82,88.92,9.8
2024-10-26,26.77,87.0,10.22
2024-10-27,26.91,86.73,11.05
2024-10-28,26.7,90.1,12.7
2024-10-29,26.72,89.36,12.71
2024-10-30,26.75,88.76,4.09
2024-10-31,26.92,87.46,4.25
2024-11-01,27.02,87.03,4.98
2024-11-02,27.04,88.56,3.0
2024-11-03,26.91,87.98,4.42
2024-11-04,27.31,85.49,2.27
2024-11-05,27.37,84.32,0.81
2024-11-06,27.4,83.54,1.64
2024-11-07,27.39,85.1,3.48
2024-11-08,27.26,86.89,4.25
2024-11-09,26.75,89.57,5.88
2024-11-10,26.9,86.07,2.47
2024-11-11,27.41,80.86,1.56
2024-11-12,27.4,84.96,2.79
2024-11-13,27.47,86.53,1.78
2024-11-14,27.38,88.09,5.42
2024-11-15,27.13,85.32,3.95
2024-11-16,27.24,86.05,1.32
2024-11-17,27.28,84.37,1.8
2024-11-18,27.37,83.85,0.02
2024-11-19,27.4,81.62,0.78
2024-11-20,27.68,82.82,1.44
2024-11-21,27.58,86.95,1.4
2024-11-22,27.58,84.13,0.94
2024-11-23,27.38,84.77,1.33
2024-11-24,27.39,82.57,0.21
2024-11-25,27.57,81.46,0.21
2024-11-26,27.22,85.11,0.65
2024-11-27,27.3,84.3,0.35
2024-11-28,27.38,82.04,0.2
2024-11-29,27.62,78.55,0.04
2024-11-30,27.81,75.3,0.02
2024-12-01,27.72,68.96,0.01
2024-12-02,27.02,77.13,0.22
2024-12-03,27.45,82.7,0.49
2024-12-04,27.05,85.53,0.88
2024-12-05,27.57,81.66,0.63
2024-12-06,27.53,80.39,0.53
2024-12-07,28.08,77.83,0.36
2024-12-08,27.52,82.89,0.74
2024-12-09,27.74,82.7,0.64
2024-12-10,27.44,79.94,0.3
2024-12-11,27.4,83.01,0.45
2024-12-12,27.62,84.19,0.23
2024-12-13,27.67,82.24,0.29
2024-12-14,27.84,81.6,0.14
2024-12-15,28.18,78.12,0.05
2024-12-16,28.37,77.62,0.08
2024-12-17,28.26,75.57,0.4
2024-12-18,27.91,73.35,0.32
2024-12-19,27.5,73.86,0.36
2024-12-20,27.64,60.94,0.24
2024-12-21,27.46,55.9,0.0
2024-12-22,27.1,60.07,0.0
2024-12-23,28.03,67.6,0.0
2024-12-24,28.17,75.0,0.03
2024-12-25,28.19,77.01,0.12
2024-12-26,28.54,79.33,0.25
2024-12-27,28.6,80.46,0.07
2024-12-28,28.61,81.08,0.05
2024-12-29,28.23,82.11,0.06
2024-12-30,28.54,79.1,0.02
2024-12-31,28.25,79.37,0.01
